{"cameraMode":{"drawMode":0,"name":"Shaded","section":"Shading Mode"},"sceneLighting":false,"audioPlay":false,"sceneViewState":{"showFog":true,"showMaterialUpdate":false,"showSkybox":false,"showFlares":true,"showImageEffects":true,"showParticleSystems":true},"in2DMode":false,"pivot":{"x":-0.46905457973480227,"y":1.276351809501648,"z":-0.012749850749969483},"rotation":{"x":-0.23260031640529633,"y":-0.041026853024959567,"z":0.010406930930912495,"w":-0.9720556735992432},"size":7.57464599609375,"orthographic":false}