{"cameraMode":{"drawMode":0,"name":"Shaded","section":"Shading Mode"},"sceneLighting":false,"audioPlay":false,"sceneViewState":{"showFog":true,"showMaterialUpdate":false,"showSkybox":false,"showFlares":true,"showImageEffects":true,"showParticleSystems":true},"in2DMode":false,"pivot":{"x":28.258079528808595,"y":356.46343994140627,"z":39.87241744995117},"rotation":{"x":0.23139376938343049,"y":0.19956496357917787,"z":-0.04941029101610184,"w":0.9511918425559998},"size":5.787845134735107,"orthographic":false}